# Every take of the CMU motion capture database (mocap.cs.cmu.edu; free for all uses), one a line. Written by
# node tools/cmu.mjs survey, which converts each take into the readable format and measures it; edit only "note".
# sec: length in seconds. category: what a game would use it for (from the words of its description). active: the
# seconds where it moves (still stretches at either end left out). fit: the readable format's average and worst
# body-point error against the capture (mm). travel: metres the hips cover. hips: lowest and highest hip height, in
# percent of standing (under 60: crouching or lying; over 115: in the air or up on something). flags: inverted (upside
# down at some point), floats (feet off the floor most of the time: stairs, a ladder, a bench), loose (fit over 30 mm),
# short (under a second), fps? (not on the site's list: 120 assumed), error. used: the CMU set's clips cut from it
# (src/mocap/catalogs/cmu.json). note: yours, kept when the survey runs again: "pick" (next to import), "skip: why".
id	subject	fps	sec	category	active	fit	travel	hips	flags	used	note	desc	about
05_01	5	120	5.0	locomotion	0.0-5.0	11/78	4.4	99-106				walk	modern dance
05_02	5	120	9.4	dance	2.6-9.4	19/104	1.9	92-111				dance - expressive arms, pirouette	modern dance
05_03	5	120	3.6	dance	0.0-3.6	16/76	1.5	87-105				dance - sideways arabesque, turn step, folding arms	modern dance
05_04	5	120	10.0	dance	0.0-10.0	16/86	2.4	87-103				dance - sideways arabesque, folding arms, bending back	modern dance
05_05	5	120	7.6	dance	0.4-7.6	21/121	3.4	85-123				dance - quasi-cou-de-pied, raised leg above hip-height, jete en tourant	modern dance
05_06	5	120	7.4	acrobatics	0.0-6.6	27/358	3.9	91-129	inverted			dance - cartwheel-like start, pirouettes, jete	modern dance
05_07	5	120	9.9	dance	0.0-8.2	13/122	4.2	92-115				dance - small jetes, attitude/arabesque, shifted-axis pirouette, turn	modern dance
05_08	5	120	6.0	dance	0.0-4.4	18/133	4.0	92-123				dance - rond de jambe in the air, jete, turn	modern dance
05_09	5	120	9.5	dance	4.2-9.5	16/104	1.7	88-117				dance - glissade devant, glissade derriere, attitude/arabesque	modern dance
05_10	5	120	6.8	dance	0.2-6.8	20/103	1.5	92-117				dance - glissade devant, glissade derriere, attitude/arabesque	modern dance
05_11	5	120	4.9	dance	0.0-4.9	20/126	2.2	87-115				dance - sideways steps, pirouette	modern dance
05_12	5	120	11.3	dance	0.0-11.3	13/92	1.4	98-105				dance - arms held high, pointe tendue a terre, upper body rotation	modern dance
05_13	5	120	9.1	dance	2.2-9.1	14/81	2.8	95-116				dance - small jetes, pirouette	modern dance
05_14	5	120	5.3	dance	0.5-5.3	14/142	4.3	83-116				dance - retire derriere, attitude/arabesque	modern dance
05_15	5	120	4.5	dance	0.0-4.4	14/107	3.5	91-116				dance - retire derriere, attitude/arabesque	modern dance
05_16	5	120	4.4	dance	0.0-4.4	22/195	4.1	87-135				dance - coupe dessous, jete en tourant	modern dance
05_17	5	120	8.7	dance	1.8-8.3	16/120	4.3	87-134				dance - coupe dessous, grand jete en tourant	modern dance
05_18	5	120	15.2	dance	0.0-15.2	17/113	4.1	92-144				dance - attitude/arabesque, jete en tourant, bending back	modern dance
05_19	5	120	7.2	dance	0.7-7.2	17/102	3.7	92-141				dance - attitude/arabesque, jete en tourant, bending back	modern dance
05_20	5	120	9.1	dance	0.6-9.1	18/122	3.9	91-141				dance - attitude/arabesque, jete en tourant, bending back	modern dance
13_01	13	120	19.3	sit and lie	0.0-19.3	14/102	3.5	85-104				sit on high stool, stand up	various everyday behaviors
13_02	13	120	29.0	sit and lie	0.0-29.0	15/103	5.1	85-105				sit on high stool, stand up	various everyday behaviors
13_03	13	120	31.0	sit and lie	0.0-25.1	15/112	4.4	84-104				sit on high stool, stand up	various everyday behaviors
13_04	13	120	39.7	sit and lie	0.0-39.7	13/101	6.9	53-105				sit on stepstool, chin in hand	various everyday behaviors
13_05	13	120	36.7	sit and lie	0.0-36.7	14/114	6.3	53-105				sit on stepstool, hands against chin, fidget, stand up	various everyday behaviors
13_06	13	120	36.8	sit and lie	0.0-36.8	15/111	5.5	53-106				sit on stepstool, hands against chin, elbow out, stand up	various everyday behaviors
13_07	13	120	12.1	everyday	0.0-12.1	11/79	0.2	104-104				unscrew bottlecap, drink soda	various everyday behaviors
13_08	13	120	13.4	everyday	0.0-13.4	13/91	0.3	103-104				unscrew bottlecap, drink soda, screw on bottlecap	various everyday behaviors
13_09	13	120	9.2	everyday	0.0-9.2	18/138	0.2	103-104				drink soda	various everyday behaviors
13_10	13	120	20.0	jump	0.0-20.0	24/139	5.4	96-117				jump up to grab, reach for, tiptoe	various everyday behaviors
13_11	13	120	3.5	jump	0.7-3.2	16/113	1.5	81-128				forward jump	various everyday behaviors
13_12	13	120	28.6	jump	0.0-28.6	19/124	6.6	94-118				jump up to grab, reach for, tiptoe	various everyday behaviors
13_13	13	120	3.7	jump	0.5-3.1	19/155	1.5	77-147				forward jump	various everyday behaviors
13_14	13	120	20.2	gesture and talk	0.0-20.2	12/179	7.9	85-106				laugh	various everyday behaviors
13_15	13	120	19.8	gesture and talk	0.0-19.8	13/114	7.4	92-105				laugh	various everyday behaviors
13_16	13	120	19.0	gesture and talk	0.0-19.0	12/121	6.6	93-110				laugh	various everyday behaviors
13_17	13	120	40.3	combat	0.0-40.3	15/145	16.1	73-104		Boxing_Guard_Loop Boxing_Jab		boxing	various everyday behaviors
13_18	13	120	25.0	combat	0.0-24.9	15/147	8.4	74-106				boxing	various everyday behaviors
13_19	13	120	3.5	jump	1.0-3.3	18/113	1.7	75-137				forward jump	various everyday behaviors
13_20	13	120	47.7	everyday	0.0-47.7	16/124	9.0	95-106				wash windows	various everyday behaviors
13_21	13	120	45.3	everyday	0.0-45.3	15/106	6.1	98-106				wash windows	various everyday behaviors
13_22	13	120	41.3	everyday	0.0-41.3	15/147	6.3	98-110				wash windows	various everyday behaviors
13_23	13	120	33.5	everyday	0.0-33.5	14/104	7.8	100-106				sweep floor	various everyday behaviors
13_24	13	120	33.6	everyday	0.0-33.6	15/97	9.8	99-105				sweep floor	various everyday behaviors
13_25	13	120	33.4	everyday	0.0-33.4	15/96	12.1	98-104				sweep floor	various everyday behaviors
13_26	13	120	25.2	gesture and talk	0.0-25.2	12/122	6.7	94-103				direct traffic, wave	various everyday behaviors
13_27	13	120	34.7	gesture and talk	0.0-34.7	13/107	9.2	89-104				direct traffic, wave, point	various everyday behaviors
13_28	13	120	34.3	gesture and talk	0.0-34.3	12/114	8.9	95-105				direct traffic, wave, point	various everyday behaviors
13_29	13	120	38.3	jump	0.0-37.8	17/109	5.3	40-114		Jumping_Jacks_Loop		jumping jacks, side twists, bend over, squats	various everyday behaviors
13_30	13	120	20.5	jump	0.0-20.5	17/128	3.6	47-111				jumping jacks, side twists, squats, jog	various everyday behaviors
13_31	13	120	25.1	jump	0.0-25.1	17/286	4.0	87-110				jumping jacks, side twists, bend over, jog	various everyday behaviors
13_32	13	120	2.8	jump	0.5-2.5	17/95	1.5	83-131				forward jump	various everyday behaviors
13_33	13	120	12.5	climb	0.0-12.5	18/165	2.2	99-191	floats	Climb_Ladder		climb ladder	various everyday behaviors
13_34	13	120	11.8	climb	0.0-11.8	20/185	2.4	101-189	floats			climb ladder	various everyday behaviors
13_35	13	120	10.0	climb	0.0-10.0	13/108	3.0	97-164	floats			climb 3 steps	various everyday behaviors
13_36	13	120	11.5	climb	0.0-11.5	14/108	3.2	101-165	floats			climb 3 steps	various everyday behaviors
13_37	13	120	12.3	climb	0.0-12.3	14/105	3.5	95-165	floats			climb 3 steps	various everyday behaviors
13_38	13	120	10.4	climb	0.0-10.4	14/107	3.3	100-165	floats			climb 3 steps	various everyday behaviors
13_39	13	120	2.9	jump	0.0-2.2	18/111	0.3	73-143				jump	various everyday behaviors
13_40	13	120	2.7	jump	0.5-2.4	19/111	0.3	78-142				jump	various everyday behaviors
13_41	13	120	3.1	jump	0.6-2.6	18/94	0.5	68-155				jump	various everyday behaviors
13_42	13	120	3.3	jump	0.4-2.7	18/107	0.5	66-155				jump	various everyday behaviors
15_01	15	120	46.0	locomotion	0.0-46.0	21/100	33.9	97-103				walk/wander	various everyday behaviors, dance moves
15_02	15	120	183.0	climb	0.0-183.0	23/100	92.1	52-142				climb, step over, sit on, stand on stepstool	various everyday behaviors, dance moves
15_03	15	120	104.6	locomotion	0.0-104.6	21/98	70.1	99-104				walk/wander	various everyday behaviors, dance moves
15_04	15	120	187.9	combat	0.8-187.9	23/133	19.8	59-106				wash windows, paint; hand signals; dance - Egyptian walk, the Dive, the Twist, the Cabbage Patch; boxing	various everyday behaviors, dance moves
15_05	15	120	191.2	combat	8.3-191.2	23/144	21.1	48-105				wash windows, paint; hand signals; dance - Egyptian walk, the Dive, the Twist, the Cabbage Patch; boxing	various everyday behaviors, dance moves
15_06	15	120	30.0	everyday	0.6-30.0	24/131	3.9	103-107				lean forward, reach for	various everyday behaviors, dance moves
15_07	15	120	45.8	everyday	1.0-45.8	23/121	3.0	102-114				lean forward, tiptoe, reach for	various everyday behaviors, dance moves
15_08	15	120	32.2	gesture and talk	0.0-32.2	21/135	1.4	103-106				hand signals - horizontally revolve forearms	various everyday behaviors, dance moves
15_09	15	120	65.6	locomotion	0.0-65.6	22/108	43.5	99-104				walk/wander	various everyday behaviors, dance moves
15_10	15	120	23.2	sit and lie	0.8-23.2	20/91	10.1	86-104				sit on high stool, stand up	various everyday behaviors, dance moves
15_11	15	120	78.3	gesture and talk	0.0-76.7	22/130	3.3	104-106				wash windows, paint figure eights; hand signals	various everyday behaviors, dance moves
15_12	15	120	75.7	dance	0.0-75.7	22/148	7.8	58-105				wash windows; basketball - dribble, lay-up shot, pass; throw ball; dance - Egyptian walk, the Dive, the Twist; strew	various everyday behaviors, dance moves
15_13	15	120	77.7	combat	0.0-77.7	26/172	27.1	85-103				boxing	various everyday behaviors, dance moves
15_14	15	120	75.0	locomotion	0.0-75.0	21/103	52.0	97-103				walk/wander	various everyday behaviors, dance moves
90_01	90	120	6.6	acrobatics	2.0-5.6	19/143	2.6	10-107	inverted			bkwd summersult	cartwheels; acrobatics; dances
90_02	90	120	6.5	acrobatics	0.0-6.5	16/90	3.6	89-107	inverted			cartwheel	cartwheels; acrobatics; dances
90_03	90	120	7.4	acrobatics	2.6-5.2	18/106	3.8	90-108	inverted			cartwheel	cartwheels; acrobatics; dances
90_04	90	120	5.8	acrobatics	2.6-5.1	18/95	3.7	91-107	inverted			cartwheel	cartwheels; acrobatics; dances
90_05	90	120	4.3	combat	0.9-4.1	18/99	3.2	83-138		Jump_Kick		jump kick	cartwheels; acrobatics; dances
90_06	90	120	5.2	combat	2.2-4.9	19/107	3.5	87-134				jump kick	cartwheels; acrobatics; dances
90_07	90	120	7.5	combat	4.3-7.2	14/91	3.8	86-135				jump kick	cartwheels; acrobatics; dances
90_08	90	120	2.8	acrobatics	1.1-2.5	15/91	2.0	80-129	inverted			side flip	cartwheels; acrobatics; dances
90_09	90	120	2.5	acrobatics	0.6-2.4	15/122	1.5	81-150	inverted			Flip forward onto hands and back again	cartwheels; acrobatics; dances
90_10	90	120	0.0	acrobatics	0.0-0.0	10/27	0.0	85-85	short				cartwheels; acrobatics; dances
90_11	90	120	1.5	acrobatics	0.0-1.3	15/100	4.5	85-116	inverted			hand spring	cartwheels; acrobatics; dances
90_12	90	120	6.9	reaction	2.3-5.4	16/103	1.3	19-157	inverted floats			bck flp twst fall	cartwheels; acrobatics; dances
90_13	90	120	7.7	reaction	2.3-7.7	15/100	1.6	19-153	inverted floats			bck flp twst fall	cartwheels; acrobatics; dances
90_14	90	120	7.0	acrobatics	2.1-6.3	16/96	2.9	91-136	inverted floats			front hand flip	cartwheels; acrobatics; dances
90_15	90	120	9.9	acrobatics	3.0-9.9	14/100	2.8	89-126	inverted floats			front hand flip	cartwheels; acrobatics; dances
90_16	90	120	6.0	reaction	1.9-4.1	15/92	1.1	24-183	floats			fall on face	cartwheels; acrobatics; dances
90_17	90	120	5.0	acrobatics	1.8-4.6	15/69	2.3	34-118	inverted floats			BannanaPeelSlip	cartwheels; acrobatics; dances
90_18	90	120	3.3	everyday	0.3-1.9	24/91	0.3	18-122	floats			RugPullFall	cartwheels; acrobatics; dances
90_19	90	120	8.7	acrobatics	0.1-7.2	21/198	4.6	33-115	inverted			monkey backflip	cartwheels; acrobatics; dances
90_20	90	120	14.8	animal and character	1.4-13.9	18/140	6.8	8-106	inverted			monkey sequence	cartwheels; acrobatics; dances
90_21	90	120	11.3	animal and character	0.7-10.5	20/140	6.2	11-140	inverted			monkey sequence	cartwheels; acrobatics; dances
90_22	90	120	5.8	locomotion	1.3-5.8	13/94	4.2	101-106				straight walk	cartwheels; acrobatics; dances
90_23	90	120	9.9	locomotion	2.0-7.8	13/97	4.5	100-106				straight walk	cartwheels; acrobatics; dances
90_24	90	120	6.5	sports	1.8-6.0	12/87	2.1	95-163				ball mount	cartwheels; acrobatics; dances
90_25	90	120	10.5	sports	0.1-10.5	11/86	4.2	86-164	floats			fwd ball walk	cartwheels; acrobatics; dances
90_26	90	120	11.9	sports	0.0-11.9	11/78	4.0	160-164	floats			fwd ball walk	cartwheels; acrobatics; dances
90_27	90	120	10.2	sports	0.0-10.2	12/80	4.1	156-165	floats			bwk ball walk	cartwheels; acrobatics; dances
90_28	90	120	6.4	acrobatics	1.6-6.4	17/113	3.1	11-98	inverted			breakdance	cartwheels; acrobatics; dances
90_29	90	120	12.3	acrobatics	0.6-12.3	18/133	9.5	46-145	inverted			sequesnce	cartwheels; acrobatics; dances
90_30	90	120	11.9	dance	2.5-11.9	15/100	3.5	36-108				russian dance	cartwheels; acrobatics; dances
90_31	90	120	8.2	dance	1.6-8.2	16/94	2.7	36-107				russian dance	cartwheels; acrobatics; dances
90_32	90	120	6.0	dance	0.0-6.0	18/69	4.2	102-107				moonwalk	cartwheels; acrobatics; dances
90_33	90	120	7.5	acrobatics	0.0-7.5	16/96	3.1	8-99	inverted			arm up wide leg roll	cartwheels; acrobatics; dances
90_34	90	120	7.0	acrobatics	1.9-4.7	14/96	2.6	9-109	inverted			wide leg roll	cartwheels; acrobatics; dances
90_35	90	120	5.8	acrobatics	1.5-5.2	15/96	2.8	9-101	inverted			wide leg roll	cartwheels; acrobatics; dances
90_36	90	120	5.5	acrobatics	2.0-5.5	16/132	2.7	10-97	inverted			wide leg roll	cartwheels; acrobatics; dances
144_01	144	120							not downloaded			Cartwheels	punching female
144_02	144	120							not downloaded			Cartwheels001	punching female
144_03	144	120							not downloaded			Figure8s	punching female
144_04	144	120							not downloaded			Figure8s001	punching female
144_05	144	120							not downloaded			Front_Kicking	punching female
144_06	144	120							not downloaded			Front_Kicking001	punching female
144_07	144	120							not downloaded			Left_Blocks	punching female
144_08	144	120							not downloaded			Left_Blocks001	punching female
144_09	144	120							not downloaded			Left_Front_Kicking	punching female
144_10	144	120							not downloaded			Left_Front_Kicking001	punching female
144_11	144	120							not downloaded			Left_Lunges	punching female
144_12	144	120							not downloaded			Left_Lunges001	punching female
144_13	144	120							not downloaded			Left_Punch_Sequence001	punching female
144_14	144	120							not downloaded			Left_Punch_Sequence002	punching female
144_15	144	120							not downloaded			Left_Spin_reach001	punching female
144_16	144	120							not downloaded			Left_Spin_reach002	punching female
144_17	144	120							not downloaded			Lunges	punching female
144_18	144	120							not downloaded			Lunges001	punching female
144_19	144	120							not downloaded			motorcycle pose	punching female
144_20	144	120							not downloaded			Punch_Sequence	punching female
144_21	144	120							not downloaded			Punch_Sequence001	punching female
144_22	144	120							not downloaded			Reach_Left001	punching female
144_23	144	120							not downloaded			Reach_Left002	punching female
144_24	144	120							not downloaded			Reach_Right	punching female
144_25	144	120							not downloaded			Reach_Right001	punching female
144_26	144	120							not downloaded			Right_Blocks	punching female
144_27	144	120							not downloaded			Right_Blocks001	punching female
144_28	144	120							not downloaded			Right_Spin_reach	punching female
144_29	144	120							not downloaded			Right_Spin_reach001	punching female
144_30	144	120							not downloaded			Sun Salutation	punching female
144_31	144	120							not downloaded			Sun Salutation001	punching female
144_32	144	120							not downloaded			Sun Salutation002	punching female
144_33	144	120							not downloaded			Walking	punching female
144_34	144	120							not downloaded			Walking001	punching female
